{
 "generated_at": "2026-07-20T08:21:01Z",
 "ratings": {
  "Algeria": 1857.2576518022654,
  "Argentina": 2249.814199609148,
  "Australia": 1908.0938467059157,
  "Austria": 1889.2121110245293,
  "Belgium": 2027.362636436549,
  "Bosnia and Herzegovina": 1676.0860087522817,
  "Brazil": 2077.110352776,
  "Canada": 1825.728533256729,
  "Cape Verde": 1698.880574673365,
  "Colombia": 2086.753158287976,
  "Croatia": 1946.9799921100398,
  "Curaçao": 1599.1947089992175,
  "Czech Republic": 1736.0287222771224,
  "DR Congo": 1810.1899419716058,
  "Ecuador": 1964.2764888407062,
  "Egypt": 1858.1513878161065,
  "England": 2198.8567598715817,
  "France": 2140.9903609542657,
  "Germany": 1989.4509496556195,
  "Ghana": 1682.0995457245347,
  "Haiti": 1666.237548093885,
  "Iran": 1886.3804726872888,
  "Iraq": 1674.6095121702356,
  "Ivory Coast": 1843.253794258151,
  "Japan": 1973.1962768929602,
  "Jordan": 1720.2658866824952,
  "Mexico": 2033.2847581334124,
  "Morocco": 2029.5018353900546,
  "Netherlands": 2045.5468508749886,
  "New Zealand": 1686.3423656288282,
  "Norway": 2021.178599709444,
  "Panama": 1774.7573974040995,
  "Paraguay": 1900.939171476616,
  "Portugal": 2060.3020527448207,
  "Qatar": 1542.8603445350723,
  "Saudi Arabia": 1706.0954853116266,
  "Scotland": 1821.6868149818317,
  "Senegal": 1880.2998813087243,
  "South Africa": 1694.6056570866795,
  "South Korea": 1841.9827624780778,
  "Spain": 2327.1035818698224,
  "Sweden": 1799.2251959316977,
  "Switzerland": 2020.537466697252,
  "Tunisia": 1661.2027314704212,
  "Turkey": 1946.1626626788718,
  "United States": 1817.1802507067318,
  "Uruguay": 1924.8050335132666,
  "Uzbekistan": 1731.5771658773438
 }
}