{
 "generated_at": "2026-06-29T10:04:29Z",
 "ratings": {
  "Algeria": 1890.2382957608415,
  "Argentina": 2224.9711487768477,
  "Australia": 1912.4941135829622,
  "Austria": 1904.5856287483193,
  "Belgium": 1963.3170535374197,
  "Bosnia and Herzegovina": 1690.2763591466314,
  "Brazil": 2094.95969846147,
  "Canada": 1852.901240338712,
  "Cape Verde": 1701.604847238833,
  "Colombia": 2087.6427653993933,
  "Croatia": 1969.5584778953094,
  "Curaçao": 1599.1440644334996,
  "Czech Republic": 1736.1083628413126,
  "DR Congo": 1819.6903250991913,
  "Ecuador": 1993.9500450569512,
  "Egypt": 1860.1857317531505,
  "England": 2107.9844800588926,
  "France": 2186.3388916469244,
  "Germany": 1997.2967468675195,
  "Ghana": 1687.4675461415538,
  "Haiti": 1666.1783291253903,
  "Iran": 1886.2946810078981,
  "Iraq": 1674.5231428440857,
  "Ivory Coast": 1863.2602017163676,
  "Japan": 1994.6776077178408,
  "Jordan": 1720.1726542036586,
  "Mexico": 2035.681423012987,
  "Morocco": 2022.9223949345185,
  "Netherlands": 2047.514046822599,
  "New Zealand": 1686.2691163436295,
  "Norway": 1982.3708596695656,
  "Panama": 1774.6934687730322,
  "Paraguay": 1902.5419017246,
  "Portugal": 2055.516605878659,
  "Qatar": 1542.7676051355181,
  "Saudi Arabia": 1706.016806642562,
  "Scotland": 1821.5286016018472,
  "Senegal": 1905.2279095753163,
  "South Africa": 1694.520691510066,
  "South Korea": 1841.9027581151986,
  "Spain": 2208.8014433383987,
  "Sweden": 1809.8208454326962,
  "Switzerland": 2005.2463027677495,
  "Tunisia": 1661.0923439386704,
  "Turkey": 1949.2482956619,
  "United States": 1852.724173075268,
  "Uruguay": 1924.7398505965093,
  "Uzbekistan": 1731.4939353803388
 }
}