{
 "generated_at": "2026-06-16T10:23:21Z",
 "ratings": {
  "Algeria": 1884.4644551379777,
  "Argentina": 2189.9792215258954,
  "Australia": 1955.6049686668575,
  "Austria": 1890.039979033345,
  "Belgium": 1944.8616424301815,
  "Bosnia and Herzegovina": 1674.5638830066644,
  "Brazil": 2061.8330564910016,
  "Canada": 1875.994528942747,
  "Cape Verde": 1681.4203559090208,
  "Colombia": 2064.0668669988454,
  "Croatia": 1969.4131992072712,
  "Curaçao": 1594.2731997104536,
  "Czech Republic": 1778.7357607923318,
  "DR Congo": 1763.3442511286692,
  "Ecuador": 1981.638062599949,
  "Egypt": 1822.3074560956818,
  "England": 2090.729574816127,
  "France": 2125.0141343030455,
  "Germany": 2016.3395904067806,
  "Ghana": 1625.3397899327833,
  "Haiti": 1688.645466951428,
  "Iran": 1883.7910798379892,
  "Iraq": 1738.1327886436868,
  "Ivory Coast": 1861.4002053571546,
  "Japan": 1995.0428148017154,
  "Jordan": 1775.484071792449,
  "Mexico": 1987.7683421727747,
  "Morocco": 1992.0855137203573,
  "Netherlands": 2009.291722065786,
  "New Zealand": 1745.1064042782455,
  "Norway": 1971.6536674516242,
  "Panama": 1854.2214089126066,
  "Paraguay": 1867.3449542183537,
  "Portugal": 2046.3604152151174,
  "Qatar": 1590.4293817226194,
  "Saudi Arabia": 1713.2280629453303,
  "Scotland": 1863.0249869604393,
  "Senegal": 1913.6602133375354,
  "South Africa": 1655.6810525388378,
  "South Korea": 1904.375657624183,
  "Spain": 2191.1962969900205,
  "Sweden": 1821.629764295483,
  "Switzerland": 1931.856136068017,
  "Tunisia": 1687.140542748822,
  "Turkey": 1915.8200336540522,
  "United States": 1878.238527505467,
  "Uruguay": 1955.318231971931,
  "Uzbekistan": 1820.5720984149507
 }
}