{
 "generated_at": "2026-07-04T08:08:05Z",
 "ratings": {
  "Algeria": 1857.1569749292669,
  "Argentina": 2227.7823702833507,
  "Australia": 1908.0112646574423,
  "Austria": 1889.0566511437626,
  "Belgium": 1988.347454035107,
  "Bosnia and Herzegovina": 1675.9178509570957,
  "Brazil": 2116.5333573247276,
  "Canada": 1855.4043814028053,
  "Cape Verde": 1698.7936257323302,
  "Colombia": 2093.092311381108,
  "Croatia": 1946.832878441732,
  "Curaçao": 1599.1440644334996,
  "Czech Republic": 1738.6374076848497,
  "DR Congo": 1810.1010170297168,
  "Ecuador": 1964.2073910500246,
  "Egypt": 1864.6685806786704,
  "England": 2117.573788128367,
  "France": 2197.123998325197,
  "Germany": 1989.3119499481832,
  "Ghana": 1682.0180001598392,
  "Haiti": 1666.1783291253903,
  "Iran": 1886.2946810078981,
  "Iraq": 1674.5231428440857,
  "Ivory Coast": 1843.160195764513,
  "Japan": 1973.1039488545835,
  "Jordan": 1720.1726542036586,
  "Mexico": 2062.8950321763764,
  "Morocco": 2025.0422699284331,
  "Netherlands": 2045.3941718286844,
  "New Zealand": 1686.2691163436295,
  "Norway": 2002.4708656214202,
  "Panama": 1774.6934687730322,
  "Paraguay": 1910.5266986439362,
  "Portugal": 2078.242205332236,
  "Qatar": 1542.7676051355181,
  "Saudi Arabia": 1706.016806642562,
  "Scotland": 1821.5286016018472,
  "Senegal": 1880.197509077629,
  "South Africa": 1694.520691510066,
  "South Korea": 1841.9027581151986,
  "Spain": 2224.3304209429552,
  "Sweden": 1799.0357387544232,
  "Switzerland": 2035.8244825352308,
  "Tunisia": 1661.0923439386704,
  "Turkey": 1950.4740450453792,
  "United States": 1865.8569318813247,
  "Uruguay": 1924.7398505965093,
  "Uzbekistan": 1731.4939353803388
 }
}