{
 "generated_at": "2026-06-27T08:08:29Z",
 "ratings": {
  "Algeria": 1888.7423482046797,
  "Argentina": 2220.045871416234,
  "Australia": 1912.4941135829622,
  "Austria": 1906.0815763044811,
  "Belgium": 1963.3170535374197,
  "Bosnia and Herzegovina": 1690.2763591466314,
  "Brazil": 2094.95969846147,
  "Canada": 1835.9626753798973,
  "Cape Verde": 1701.604847238833,
  "Colombia": 2090.9790620005765,
  "Croatia": 1958.5912870682369,
  "Curaçao": 1599.1440644334996,
  "Czech Republic": 1736.1083628413126,
  "DR Congo": 1774.3750591644261,
  "Ecuador": 1993.9500450569512,
  "Egypt": 1860.1857317531505,
  "England": 2094.857011186777,
  "France": 2186.3388916469244,
  "Germany": 1997.2967468675195,
  "Ghana": 1698.4347369686263,
  "Haiti": 1666.1783291253903,
  "Iran": 1886.2946810078981,
  "Iraq": 1674.5231428440857,
  "Ivory Coast": 1863.2602017163676,
  "Japan": 1994.6776077178408,
  "Jordan": 1725.0979315642721,
  "Mexico": 2035.681423012987,
  "Morocco": 2022.9223949345185,
  "Netherlands": 2047.514046822599,
  "New Zealand": 1686.2691163436295,
  "Norway": 1982.3708596695656,
  "Panama": 1787.8209376451478,
  "Paraguay": 1902.5419017246,
  "Portugal": 2052.1803092774758,
  "Qatar": 1542.7676051355181,
  "Saudi Arabia": 1706.016806642562,
  "Scotland": 1821.5286016018472,
  "Senegal": 1905.2279095753163,
  "South Africa": 1712.8682691586293,
  "South Korea": 1841.9027581151986,
  "Spain": 2208.8014433383987,
  "Sweden": 1809.8208454326962,
  "Switzerland": 2003.8372900780007,
  "Tunisia": 1661.0923439386704,
  "Turkey": 1949.2482956619,
  "United States": 1852.724173075268,
  "Uruguay": 1924.7398505965093,
  "Uzbekistan": 1776.809201315104
 }
}