{
 "generated_at": "2026-06-20T08:30:36Z",
 "ratings": {
  "Algeria": 1869.034160174309,
  "Argentina": 2205.4095164895643,
  "Australia": 1900.7468400767343,
  "Austria": 1920.717931231151,
  "Belgium": 1944.8616424301815,
  "Bosnia and Herzegovina": 1655.1113368136946,
  "Brazil": 2072.8051113739784,
  "Canada": 1888.4912831969114,
  "Cape Verde": 1681.4203559090208,
  "Colombia": 2081.8464992558083,
  "Croatia": 1939.5172289983338,
  "Curaçao": 1594.2731997104536,
  "Czech Republic": 1768.5334421741195,
  "DR Congo": 1783.5076219091943,
  "Ecuador": 1981.638062599949,
  "Egypt": 1822.3074560956818,
  "England": 2120.625545025064,
  "France": 2145.581506225113,
  "Germany": 2016.3395904067806,
  "Ghana": 1672.6662031303392,
  "Haiti": 1677.673412068451,
  "Iran": 1883.7910798379892,
  "Iraq": 1716.4175998868025,
  "Ivory Coast": 1861.4002053571546,
  "Japan": 1995.0428148017154,
  "Jordan": 1744.806119594643,
  "Mexico": 2003.25634368018,
  "Morocco": 2011.4273119914578,
  "Netherlands": 2009.291722065786,
  "New Zealand": 1745.1064042782455,
  "Norway": 1993.3688562085085,
  "Panama": 1806.8949957150508,
  "Paraguay": 1901.5036786910905,
  "Portugal": 2026.1970444345923,
  "Qatar": 1577.932627468455,
  "Saudi Arabia": 1713.2280629453303,
  "Scotland": 1843.6831886893387,
  "Senegal": 1893.092841415468,
  "South Africa": 1665.88337115705,
  "South Korea": 1888.8876561167779,
  "Spain": 2191.1962969900205,
  "Sweden": 1821.629764295483,
  "Switzerland": 1951.3086822609866,
  "Tunisia": 1687.140542748822,
  "Turkey": 1881.6613091813153,
  "United States": 1933.09665609559,
  "Uruguay": 1955.318231971931,
  "Uzbekistan": 1802.7924661579875
 }
}