{
 "generated_at": "2026-06-19T09:57:15Z",
 "ratings": {
  "Algeria": 1869.034160174309,
  "Argentina": 2205.4095164895643,
  "Australia": 1955.6049686668575,
  "Austria": 1920.717931231151,
  "Belgium": 1944.8616424301815,
  "Bosnia and Herzegovina": 1655.1113368136946,
  "Brazil": 2061.8330564910016,
  "Canada": 1896.6422020577572,
  "Cape Verde": 1681.4203559090208,
  "Colombia": 2081.8464992558083,
  "Croatia": 1939.5172289983338,
  "Curaçao": 1594.2731997104536,
  "Czech Republic": 1768.5334421741195,
  "DR Congo": 1783.5076219091943,
  "Ecuador": 1981.638062599949,
  "Egypt": 1822.3074560956818,
  "England": 2120.625545025064,
  "France": 2145.581506225113,
  "Germany": 2016.3395904067806,
  "Ghana": 1672.6662031303392,
  "Haiti": 1688.645466951428,
  "Iran": 1883.7910798379892,
  "Iraq": 1716.4175998868025,
  "Ivory Coast": 1861.4002053571546,
  "Japan": 1995.0428148017154,
  "Jordan": 1744.806119594643,
  "Mexico": 2010.7028054776756,
  "Morocco": 1992.0855137203573,
  "Netherlands": 2009.291722065786,
  "New Zealand": 1745.1064042782455,
  "Norway": 1993.3688562085085,
  "Panama": 1806.8949957150508,
  "Paraguay": 1867.3449542183537,
  "Portugal": 2026.1970444345923,
  "Qatar": 1569.781708607609,
  "Saudi Arabia": 1713.2280629453303,
  "Scotland": 1863.0249869604393,
  "Senegal": 1893.092841415468,
  "South Africa": 1665.88337115705,
  "South Korea": 1881.4411943192822,
  "Spain": 2191.1962969900205,
  "Sweden": 1821.629764295483,
  "Switzerland": 1951.3086822609866,
  "Tunisia": 1687.140542748822,
  "Turkey": 1915.8200336540522,
  "United States": 1878.238527505467,
  "Uruguay": 1955.318231971931,
  "Uzbekistan": 1802.7924661579875
 }
}