{
 "generated_at": "2026-06-10T21:07:37Z",
 "ratings": {
  "Algeria": 1873.093018146974,
  "Argentina": 2189.9845639691266,
  "Australia": 1901.9892733440392,
  "Austria": 1890.0432503058169,
  "Belgium": 1956.8106892104383,
  "Bosnia and Herzegovina": 1651.7307163420576,
  "Brazil": 2068.9523001166012,
  "Canada": 1898.8353031780248,
  "Cape Verde": 1653.6552999426135,
  "Colombia": 2064.0725570180916,
  "Croatia": 1969.4168071667116,
  "Curaçao": 1605.9459600868497,
  "Czech Republic": 1802.0272122598892,
  "DR Congo": 1763.3495188115598,
  "Ecuador": 2028.033031085561,
  "Egypt": 1810.3671214704157,
  "England": 2086.3315915954313,
  "France": 2125.017794037526,
  "Germany": 2004.6746823372082,
  "Ghana": 1625.3451162821775,
  "Haiti": 1707.4066416324476,
  "Iran": 1897.0906135586583,
  "Iraq": 1738.1500254970622,
  "Ivory Coast": 1815.0163790202812,
  "Japan": 1993.5704629885413,
  "Jordan": 1775.4885188149683,
  "Mexico": 1980.2964145832198,
  "Morocco": 1984.9776060867432,
  "Netherlands": 2010.7810464132856,
  "New Zealand": 1731.83212529712,
  "Norway": 1971.6569452783108,
  "Panama": 1854.2254049101455,
  "Paraguay": 1918.5753068222546,
  "Portugal": 2042.6465590976532,
  "Qatar": 1566.1877529002657,
  "Saudi Arabia": 1693.1006265808874,
  "Scotland": 1844.2704937126193,
  "Senegal": 1913.6655435686841,
  "South Africa": 1663.163696513165,
  "South Korea": 1881.102847157562,
  "Spain": 2218.969233646287,
  "Sweden": 1770.6249397248364,
  "Switzerland": 1956.1107363164713,
  "Tunisia": 1738.1530336093838,
  "Turkey": 1969.4546129685543,
  "United States": 1827.0200259385615,
  "Uruguay": 1975.4560544501035,
  "Uzbekistan": 1820.5933374870272
 }
}