{
 "generated_at": "2026-06-13T08:35:37Z",
 "ratings": {
  "Algeria": 1884.4644551379777,
  "Argentina": 2189.9792215258954,
  "Australia": 1901.9734282471384,
  "Austria": 1890.039979033345,
  "Belgium": 1956.8075863739907,
  "Bosnia and Herzegovina": 1674.5638830066644,
  "Brazil": 2068.9459266078256,
  "Canada": 1875.994528942747,
  "Cape Verde": 1653.6509016867633,
  "Colombia": 2064.0668669988454,
  "Croatia": 1969.4131992072712,
  "Curaçao": 1605.9413709059734,
  "Czech Republic": 1778.7357607923318,
  "DR Congo": 1763.3442511286692,
  "Ecuador": 2028.0274669689593,
  "Egypt": 1810.3615121518726,
  "England": 2090.729574816127,
  "France": 2125.0141343030455,
  "Germany": 2004.6714192112609,
  "Ghana": 1625.3397899327833,
  "Haiti": 1707.4032712382711,
  "Iran": 1897.0730375667931,
  "Iraq": 1738.1327886436868,
  "Ivory Coast": 1815.0108009881444,
  "Japan": 1993.557109408705,
  "Jordan": 1775.484071792449,
  "Mexico": 1987.7683421727747,
  "Morocco": 1984.9726436035332,
  "Netherlands": 2010.7774274587964,
  "New Zealand": 1731.8244465494415,
  "Norway": 1971.6536674516242,
  "Panama": 1854.2214089126066,
  "Paraguay": 1867.3449542183537,
  "Portugal": 2046.3604152151174,
  "Qatar": 1566.178299650518,
  "Saudi Arabia": 1693.0960727540112,
  "Scotland": 1844.2671826735962,
  "Senegal": 1913.6602133375354,
  "South Africa": 1655.6810525388378,
  "South Korea": 1904.375657624183,
  "Spain": 2218.965751212278,
  "Sweden": 1770.622022475634,
  "Switzerland": 1956.1072181401182,
  "Tunisia": 1738.1482845686712,
  "Turkey": 1969.4515740737713,
  "United States": 1878.238527505467,
  "Uruguay": 1975.4502221632501,
  "Uzbekistan": 1820.5720984149507
 }
}