{
 "generated_at": "2026-06-22T11:11:23Z",
 "ratings": {
  "Algeria": 1869.034160174309,
  "Argentina": 2205.4095164895643,
  "Australia": 1913.5323366164716,
  "Austria": 1920.717931231151,
  "Belgium": 1939.642032394735,
  "Bosnia and Herzegovina": 1655.1113368136946,
  "Brazil": 2072.8051113739784,
  "Canada": 1888.4912831969114,
  "Cape Verde": 1701.1444094015524,
  "Colombia": 2081.8464992558083,
  "Croatia": 1939.5172289983338,
  "Curaçao": 1618.4470995909119,
  "Czech Republic": 1768.5334421741195,
  "DR Congo": 1783.5076219091943,
  "Ecuador": 1957.4641627194908,
  "Egypt": 1857.469722887613,
  "England": 2120.625545025064,
  "France": 2145.581506225113,
  "Germany": 2033.78262920498,
  "Ghana": 1672.6662031303392,
  "Haiti": 1677.673412068451,
  "Iran": 1889.0106898734357,
  "Iraq": 1716.4175998868025,
  "Ivory Coast": 1843.9571665589554,
  "Japan": 2011.3823878027406,
  "Jordan": 1744.806119594643,
  "Mexico": 2003.25634368018,
  "Morocco": 2011.4273119914578,
  "Netherlands": 2037.8054210134726,
  "New Zealand": 1709.9441374863143,
  "Norway": 1993.3688562085085,
  "Panama": 1806.8949957150508,
  "Paraguay": 1901.5036786910905,
  "Portugal": 2026.1970444345923,
  "Qatar": 1577.932627468455,
  "Saudi Arabia": 1706.4772444798425,
  "Scotland": 1843.6831886893387,
  "Senegal": 1893.092841415468,
  "South Africa": 1665.88337115705,
  "South Korea": 1888.8876561167779,
  "Spain": 2197.9471154555085,
  "Sweden": 1793.1160653477964,
  "Switzerland": 1951.3086822609866,
  "Tunisia": 1670.800969747797,
  "Turkey": 1881.6613091813153,
  "United States": 1920.3111595558528,
  "Uruguay": 1935.5941784793995,
  "Uzbekistan": 1802.7924661579875
 }
}